E_dt,E_e,PR,map,model,p95_dt,p95_e,sim
0.8452809788121831,0.8630385593774731,0.38461538461538464,jungle,dave2,1.0680493567447975,2.714342264123076,udacity
