E_dt,E_e,PR,map,model,p95_dt,p95_e,sim
0.839434305830306,0.8630385593774731,0.38461538461538464,jungle,dave2,1.0768633060013213,2.714342264123076,udacity
