BR,DS,DS_nb,N_nb,map,model,sim
0.45664739884393063,46.065657772354704,59.24321700420971,94.0,multi-town,tcp,carla
