E_dt,E_e,PR,map,model,p95_dt,p95_e,sim
0.7923019938661954,0.8415680673129459,0.23076923076923078,jungle,dave2_gru,1.0282377275479004,2.8986545770123064,udacity
