E_dt,E_e,PR,map,model,p95_dt,p95_e,sim
0.7508695823859329,0.7365808063844624,0.46153846153846156,jungle,vit,1.0131410970398338,2.227147177430769,udacity
